{
  "apple": {
    "x": 0.3520810967650285,
    "y": -0.041983396398688255,
    "z": -0.02578338190829632
  },
  "bottle": {
    "x": 0.2342734600095346,
    "y": 0.0766149158912095,
    "z": -0.01620166471179818
  },
  "orange": {
    "x": 0.463512548611198,
    "y": -0.14313787251636784,
    "z": -0.022196905072486617
  },
  "laptop": {
    "x": 0.15096342517270064,
    "y": -0.28432465536355667,
    "z": 0.1115613828839056
  },
  "person": {
    "x": 0.14003436392043198,
    "y": -0.0239483634405257,
    "z": 0.013199621088157754
  },
  "cup": {
    "x": -0.02121384101183721,
    "y": 0.018034650715395673,
    "z": -0.00304491153970321
  },
  "cat": {
    "x": -0.11416113774592751,
    "y": -0.10147902570990952,
    "z": -0.10508423732624983
  },
  "toilet": {
    "x": 0.3174701581312345,
    "y": -0.10259146350995141,
    "z": 0.10735557968165066
  }
}