{
  "bottle": {
    "x": 0.34437101217834243,
    "y": -0.14061248251210562,
    "z": -0.014215100047561324
  },
  "apple": {
    "x": 0.3866996636625402,
    "y": 0.09616332011257339,
    "z": -0.023047119461711785
  },
  "orange": {
    "x": 0.24125405299256286,
    "y": 0.051839264271782814,
    "z": -0.028949725164519324
  },
  "sports ball": {
    "x": 0.24796445747467838,
    "y": 0.020313531608640634,
    "z": -0.001573329641306409
  },
  "person": {
    "x": 0.006291092385210861,
    "y": -0.03082549176893462,
    "z": 0.035180853561447734
  },
  "toilet": {
    "x": 0.5303518113250077,
    "y": 0.06647031155636213,
    "z": 0.02496202933766356
  },
  "bowl": {
    "x": 0.5779643126510031,
    "y": 0.06082045006965392,
    "z": 0.017042827738028787
  }
}