{
  "apple": {
    "x": 0.4570417173738248,
    "y": -0.14076006126564927,
    "z": -0.019038691568641464
  },
  "bottle": {
    "x": 0.24864977223220833,
    "y": 0.07573845123125533,
    "z": -0.01924906738905674
  },
  "orange": {
    "x": 0.3488231313299358,
    "y": -0.037383022951199885,
    "z": -0.026180200427759703
  },
  "laptop": {
    "x": 0.08248788287735787,
    "y": -0.21634983881137648,
    "z": -0.01777582596745131
  },
  "person": {
    "x": 0.06085101073799448,
    "y": -0.12063501405464966,
    "z": 0.032798361849701974
  },
  "cup": {
    "x": -0.029545874228007807,
    "y": 0.027958010885326512,
    "z": 0.017441786475559495
  },
  "cat": {
    "x": -0.11416113774592751,
    "y": -0.10147902570990952,
    "z": -0.10508423732624983
  },
  "toilet": {
    "x": 0.3174701581312345,
    "y": -0.10259146350995141,
    "z": 0.10735557968165066
  },
  "sports ball": {
    "x": 0.40626073332382684,
    "y": -0.26227768851875743,
    "z": 0.031499217137070934
  },
  "dog": {
    "x": 0.5103167516547022,
    "y": 0.01045074218216685,
    "z": -0.016877828889284796
  }
}