{"ready": false, "x": 1.555288922131643, "y": -2.274417065945021, "distance_to_goal": 0.30702459812164307, "eta": 1.588432997}